{"epoch": 1, "train_loss": 0.05136317626023904, "_timestamp": 1705587780.9562137, "_runtime": 66.61349964141846, "_step": 38, "_wandb": {"runtime": 67}}