{"epoch": 3, "train_loss": 0.17613900658081344, "_timestamp": 1705577285.3903913, "_runtime": 819.3442003726959, "_step": 4751, "val_loss": 0.17343547886153704, "val_accuracy": 0.4956590370955012, "_wandb": {"runtime": 818}}