{"epoch": 1, "train_loss": 0.04641081900839365, "_timestamp": 1705588318.0864687, "_runtime": 492.1586706638336, "_step": 396, "val_loss": 0.04509924741457463, "val_accuracy": 0.5043409629044988, "_wandb": {"runtime": 491}}