{"epoch": 3, "train_loss": 0.0013630192171144222, "_timestamp": 1705572408.8997195, "_runtime": 724.2819945812225, "_step": 2378, "val_loss": 0.009637007834084756, "val_accuracy": 0.9818468823993686, "_wandb": {"runtime": 723}}