{"epoch": 3, "train_loss": 0.006237471465906385, "_timestamp": 1705522310.1319308, "_runtime": 691.8761489391327, "_step": 2378, "val_loss": 0.009981304707576027, "val_accuracy": 0.9771112865035517, "_wandb": {"runtime": 690}}