{"epoch": 3, "train_loss": 0.0021860231693184274, "_timestamp": 1705571308.7432554, "_runtime": 722.0228123664856, "_step": 2378, "val_loss": 0.008958589340925464, "val_accuracy": 0.978689818468824, "_wandb": {"runtime": 721}}