{"epoch": 3, "train_loss": 0.0030507531072929703, "_timestamp": 1705578338.7007616, "_runtime": 818.0014555454254, "_step": 4751, "val_loss": 0.014618862501154276, "val_accuracy": 0.9857932123125493, "_wandb": {"runtime": 817}}