{"epoch": 3, "train_loss": 0.09007947540885365, "_timestamp": 1705576334.9435008, "_runtime": 689.9599807262421, "_step": 2378, "val_loss": 0.08751096552342247, "val_accuracy": 0.5043409629044988, "_wandb": {"runtime": 689}}