{"epoch": 1, "train_loss": 0.059842625077632716, "_timestamp": 1705609853.6885974, "_runtime": 96.41018152236938, "_step": 472, "_wandb": {"runtime": 96}}