{"epoch": 1, "train_loss": 0.04931773071272127, "_timestamp": 1705599293.5659811, "_runtime": 698.5177161693573, "_step": 396, "val_loss": 0.04513049701959389, "val_accuracy": 0.5043409629044988, "_wandb": {"runtime": 698}}