{"epoch": 1, "train_loss": 0.025544919750907204, "_timestamp": 1705573347.8403797, "_runtime": 341.9456527233124, "_step": 43, "_wandb": {"runtime": 348}}