{"epoch": 1, "train_loss": 0.06352289613470974, "_timestamp": 1705530023.7974656, "_runtime": 69.16787147521973, "_step": 165}