{"epoch": 1, "train_loss": 0.046208699544270836, "_timestamp": 1705587691.967358, "_runtime": 29.599201202392578, "_step": 11, "_wandb": {"runtime": 30}}