{"epoch": 1, "train_loss": 0.047150041705148846, "_timestamp": 1705585477.5035942, "_runtime": 482.5300781726837, "_step": 396, "val_loss": 0.04455445249342222, "val_accuracy": 0.4956590370955012, "_wandb": {"runtime": 482}}