{"epoch": 3, "train_loss": 0.0023841429986912336, "_timestamp": 1705574194.3120124, "_runtime": 815.964602470398, "_step": 4751, "val_loss": 0.018986746199421593, "val_accuracy": 0.9794790844514601, "_wandb": {"runtime": 815}}