{"epoch": 2, "train_loss": 0.01300489354434687, "_timestamp": 1705588917.3401604, "_runtime": 1181.366798400879, "_step": 3111, "val_loss": 0.011733121927551054, "val_accuracy": 0.9808429118773946, "_wandb": {"runtime": 1182}}