{"epoch": 1, "train_loss": 0.04705323717588501, "_timestamp": 1705592317.5028558, "_runtime": 857.5340218544006, "_step": 396, "val_loss": 0.04574884642459505, "val_accuracy": 0.5043409629044988, "_wandb": {"runtime": 859}}