{"epoch": 1, "train_loss": 0.028305149368579023, "_timestamp": 1705572985.0398107, "_runtime": 99.02756762504578, "_step": 266, "_wandb": {"runtime": 98}}