{"epoch": 1, "train_loss": 0.04710411240994319, "_timestamp": 1705593567.8401, "_runtime": 873.4254450798035, "_step": 396, "val_loss": 0.046310342995313176, "val_accuracy": 0.5043409629044988, "_wandb": {"runtime": 874}}