{"epoch": 1, "train_loss": 0.09429057639889013, "_timestamp": 1705587469.7341795, "_runtime": 218.56723546981812, "_step": 792, "val_loss": 0.0875774787087655, "val_accuracy": 0.5043409629044988, "_wandb": {"runtime": 218}}