{"epoch": 1, "train_loss": 0.04590415954589844, "_timestamp": 1705539625.9599946, "_runtime": 17.884441614151, "_step": 3, "_wandb": {"runtime": 17}}